Alanine, aspartate and glutamate metabolism
Alanine, aspartate and glutamate metabolism
Alanine, aspartate and glutamate metabolism
Alanine, aspartate and glutamate metabolism
Alanine, aspartate and glutamate metabolism
Alanine, aspartate and glutamate metabolism
Alanine, aspartate and glutamate metabolism
Alanine, aspartate and glutamate metabolism
Alanine, aspartate and glutamate metabolism
Alanine, aspartate and glutamate metabolism
Alanine, aspartate and glutamate metabolism
Alanine, aspartate and glutamate metabolism
Alanine, aspartate and glutamate metabolism
Alanine, aspartate and glutamate metabolism
Alanine, aspartate and glutamate metabolism
Alanine, aspartate and glutamate metabolism
Alanine, aspartate and glutamate metabolism
Alanine, aspartate and glutamate metabolism
Alanine, aspartate and glutamate metabolism
Alanine, aspartate and glutamate metabolism
Alanine, aspartate and glutamate metabolism
Alanine, aspartate and glutamate metabolism
Alanine, aspartate and glutamate metabolism
alpha-Linolenic acid metabolism
alpha-Linolenic acid metabolism
alpha-Linolenic acid metabolism
alpha-Linolenic acid metabolism
alpha-Linolenic acid metabolism
alpha-Linolenic acid metabolism
alpha-Linolenic acid metabolism
alpha-Linolenic acid metabolism
alpha-Linolenic acid metabolism
alpha-Linolenic acid metabolism
alpha-Linolenic acid metabolism
alpha-Linolenic acid metabolism
alpha-Linolenic acid metabolism
alpha-Linolenic acid metabolism
alpha-Linolenic acid metabolism
alpha-Linolenic acid metabolism
alpha-Linolenic acid metabolism
alpha-Linolenic acid metabolism
alpha-Linolenic acid metabolism
alpha-Linolenic acid metabolism
alpha-Linolenic acid metabolism
alpha-Linolenic acid metabolism
alpha-Linolenic acid metabolism
Amino sugar and nucleotide sugar metabolism
Amino sugar and nucleotide sugar metabolism
Amino sugar and nucleotide sugar metabolism
Amino sugar and nucleotide sugar metabolism
Amino sugar and nucleotide sugar metabolism
Amino sugar and nucleotide sugar metabolism
Amino sugar and nucleotide sugar metabolism
Amino sugar and nucleotide sugar metabolism
Amino sugar and nucleotide sugar metabolism
Amino sugar and nucleotide sugar metabolism
Amino sugar and nucleotide sugar metabolism
Amino sugar and nucleotide sugar metabolism
Aminoacyl-tRNA biosynthesis
Aminoacyl-tRNA biosynthesis
Aminoacyl-tRNA biosynthesis
Aminoacyl-tRNA biosynthesis
Aminoacyl-tRNA biosynthesis
Aminoacyl-tRNA biosynthesis
Aminoacyl-tRNA biosynthesis
Aminoacyl-tRNA biosynthesis
Aminoacyl-tRNA biosynthesis
Aminoacyl-tRNA biosynthesis
Aminoacyl-tRNA biosynthesis
Aminoacyl-tRNA biosynthesis
Aminoacyl-tRNA biosynthesis
Aminoacyl-tRNA biosynthesis
Anthocyanin biosynthesis
Anthocyanin biosynthesis
Anthocyanin biosynthesis
Anthocyanin biosynthesis
Anthocyanin biosynthesis
Anthocyanin biosynthesis
Anthocyanin biosynthesis
Anthocyanin biosynthesis
Arachidonic acid metabolism
Arachidonic acid metabolism
Arachidonic acid metabolism
Arachidonic acid metabolism
Arachidonic acid metabolism
Arachidonic acid metabolism
Arachidonic acid metabolism
Arachidonic acid metabolism
Arachidonic acid metabolism
Arachidonic acid metabolism
Arachidonic acid metabolism
Arachidonic acid metabolism
Arachidonic acid metabolism
Arachidonic acid metabolism
Arachidonic acid metabolism
Arachidonic acid metabolism
Arachidonic acid metabolism
Arginine and proline metabolism
Arginine and proline metabolism
Arginine and proline metabolism
Arginine and proline metabolism
Arginine and proline metabolism
Arginine and proline metabolism
Arginine and proline metabolism
Arginine and proline metabolism
Arginine and proline metabolism
Arginine and proline metabolism
Arginine and proline metabolism
Arginine and proline metabolism
Arginine and proline metabolism
Arginine and proline metabolism
Arginine and proline metabolism
Arginine and proline metabolism
Arginine and proline metabolism
Arginine and proline metabolism
Arginine and proline metabolism
Arginine and proline metabolism
Arginine and proline metabolism
Arginine and proline metabolism
Arginine and proline metabolism
Arginine and proline metabolism
Arginine and proline metabolism
Arginine and proline metabolism
Arginine and proline metabolism
Arginine and proline metabolism
Arginine and proline metabolism
Arginine and proline metabolism
Arginine and proline metabolism
Arginine and proline metabolism
Arginine and proline metabolism
Arginine biosynthesis
Arginine and proline metabolism
Arginine biosynthesis
Ascorbate and aldarate metabolism
Ascorbate and aldarate metabolism
Ascorbate and aldarate metabolism
Ascorbate and aldarate metabolism
Ascorbate and aldarate metabolism
Ascorbate and aldarate metabolism
Ascorbate and aldarate metabolism
Ascorbate and aldarate metabolism
Ascorbate and aldarate metabolism
Ascorbate and aldarate metabolism
Ascorbate and aldarate metabolism
Ascorbate and aldarate metabolism
Ascorbate and aldarate metabolism
Benzoate degradation
Benzoxazinoid biosynthesis

Benzoxazinoid biosynthesis
Benzoxazinoid biosynthesis
Benzoxazinoid biosynthesis
beta-Alanine metabolism
beta-Alanine metabolism
beta-Alanine metabolism
beta-Alanine metabolism
beta-Alanine metabolism
beta-Alanine metabolism
beta-Alanine metabolism
beta-Alanine metabolism
Biosynthesis of unsaturated fatty acids
Biosynthesis of unsaturated fatty acids
Biosynthesis of unsaturated fatty acids
Biosynthesis of unsaturated fatty acids
Biosynthesis of unsaturated fatty acids
Biotin metabolism
Biotin metabolism
Brassinosteroid biosynthesis
Brassinosteroid biosynthesis
Brassinosteroid biosynthesis
Brassinosteroid biosynthesis
Brassinosteroid biosynthesis
Brassinosteroid biosynthesis
Brassinosteroid biosynthesis
Brassinosteroid biosynthesis
Brassinosteroid biosynthesis
Brassinosteroid biosynthesis
Brassinosteroid biosynthesis
Brassinosteroid biosynthesis
Brassinosteroid biosynthesis
Brassinosteroid biosynthesis
Brassinosteroid biosynthesis
Brassinosteroid biosynthesis
Brassinosteroid biosynthesis
Brassinosteroid biosynthesis
Brassinosteroid biosynthesis
Brassinosteroid biosynthesis
Butanoate metabolism
Butanoate metabolism
C5-Branched dibasic acid metabolism
Caffeine metabolism
Caffeine metabolism
Caffeine metabolism
Caffeine metabolism
Caffeine metabolism
Caffeine metabolism
Caffeine metabolism
Carbon fixation in photosynthetic organisms
Carbon fixation in photosynthetic organisms
Carbon fixation in photosynthetic organisms
Photosynthesis
Photosynthesis
Carotenoid biosynthesis
Carotenoid biosynthesis
Carotenoid biosynthesis
Carotenoid biosynthesis
Carotenoid biosynthesis
Carotenoid biosynthesis
Carotenoid biosynthesis
Carotenoid biosynthesis
Carotenoid biosynthesis
Carotenoid biosynthesis
Carotenoid biosynthesis
Carotenoid biosynthesis
Carotenoid biosynthesis
Carotenoid biosynthesis
Carotenoid biosynthesis
Carotenoid biosynthesis
Carotenoid biosynthesis
Carotenoid biosynthesis
Carotenoid biosynthesis
Carotenoid biosynthesis
Carotenoid biosynthesis
Carotenoid biosynthesis
Carotenoid biosynthesis
Carotenoid biosynthesis
Carotenoid biosynthesis
Carotenoid biosynthesis
Carotenoid biosynthesis
Carotenoid biosynthesis
Carotenoid biosynthesis
Carotenoid biosynthesis
Carotenoid biosynthesis
Carotenoid biosynthesis
Carotenoid biosynthesis

Carotenoid biosynthesis
Carotenoid biosynthesis
Carotenoid biosynthesis
Carotenoid biosynthesis
Carotenoid biosynthesis
Carotenoid biosynthesis
Carotenoid biosynthesis
Citrate cycle (TCA cycle)
Citrate cycle (TCA cycle)
Citrate cycle (TCA cycle)
Citrate cycle (TCA cycle)
Citrate cycle (TCA cycle)
Citrate cycle (TCA cycle)
Citrate cycle (TCA cycle)
Citrate cycle (TCA cycle)
Citrate cycle (TCA cycle)
Citrate cycle (TCA cycle)
Citrate cycle (TCA cycle)
Citrate cycle (TCA cycle)
Citrate cycle (TCA cycle)
Citrate cycle (TCA cycle)
Citrate cycle (TCA cycle)
Cyanoamino acid metabolism
Cyanoamino acid metabolism
Cyanoamino acid metabolism
Cyanoamino acid metabolism
Cyanoamino acid metabolism
Cyanoamino acid metabolism
Cyanoamino acid metabolism
Cyanoamino acid metabolism
Cyanoamino acid metabolism
Cyanoamino acid metabolism
Cyanoamino acid metabolism
Cyanoamino acid metabolism
Cyanoamino acid metabolism
Cyanoamino acid metabolism
Cyanoamino acid metabolism
Cyanoamino acid metabolism
Cyanoamino acid metabolism
Cyanoamino acid metabolism
Cyanoamino acid metabolism
Cyanoamino acid metabolism
Cyanoamino acid metabolism
Cyanoamino acid metabolism
Cyanoamino acid metabolism
Cysteine and methionine metabolism
Cysteine and methionine metabolism
Cysteine and methionine metabolism
Cysteine and methionine metabolism
Cysteine and methionine metabolism
Cysteine and methionine metabolism
Cysteine and methionine metabolism
Cysteine and methionine metabolism
Cysteine and methionine metabolism
Cysteine and methionine metabolism
Cysteine and methionine metabolism
Cysteine and methionine metabolism
Cysteine and methionine metabolism
Cysteine and methionine metabolism
Cysteine and methionine metabolism
Cysteine and methionine metabolism
Cysteine and methionine metabolism
Cysteine and methionine metabolism
Cysteine and methionine metabolism
Cysteine and methionine metabolism
Cysteine and methionine metabolism
Cysteine and methionine metabolism
Cysteine and methionine metabolism
Cysteine and methionine metabolism
Cysteine and methionine metabolism
Cysteine and methionine metabolism
Cysteine and methionine metabolism
Cysteine and methionine metabolism
Cysteine and methionine metabolism
Cysteine and methionine metabolism
Cysteine and methionine metabolism
Cysteine and methionine metabolism
Cysteine and methionine metabolism
Cysteine and methionine metabolism
Cysteine and methionine metabolism
Cysteine and methionine metabolism
Cysteine and methionine metabolism
Dioxin degradation
Diterpenoid biosynthesis
Diterpenoid biosynthesis
Diterpenoid biosynthesis
Diterpenoid biosynthesis
Diterpenoid biosynthesis
Diterpenoid biosynthesis
Diterpenoid biosynthesis
Diterpenoid biosynthesis
Diterpenoid biosynthesis
Diterpenoid biosynthesis
Diterpenoid biosynthesis
Diterpenoid biosynthesis
Diterpenoid biosynthesis
Diterpenoid biosynthesis
Diterpenoid biosynthesis
Diterpenoid biosynthesis
Diterpenoid biosynthesis
Diterpenoid biosynthesis
Diterpenoid biosynthesis
Diterpenoid biosynthesis
Diterpenoid biosynthesis
Diterpenoid biosynthesis
Diterpenoid biosynthesis
Diterpenoid biosynthesis
Diterpenoid biosynthesis
Diterpenoid biosynthesis
Diterpenoid biosynthesis
Diterpenoid biosynthesis
Diterpenoid biosynthesis
Diterpenoid biosynthesis
Diterpenoid biosynthesis
Ether lipid metabolism
Ether lipid metabolism
Ether lipid metabolism
Ether lipid metabolism
Ether lipid metabolism
Ether lipid metabolism
Ether lipid metabolism
Ether lipid metabolism
Ether lipid metabolism
Fatty acid biosynthesis
Fatty acid biosynthesis
Fatty acid biosynthesis
Fatty acid biosynthesis
Fatty acid biosynthesis
Fatty acid biosynthesis
Fatty acid biosynthesis
Fatty acid biosynthesis
Fatty acid biosynthesis
Fatty acid biosynthesis
Fatty acid biosynthesis
Fatty acid biosynthesis
Fatty acid biosynthesis
Fatty acid biosynthesis
Fatty acid biosynthesis
Fatty acid biosynthesis
Fatty acid biosynthesis
Fatty acid biosynthesis
Fatty acid biosynthesis
Fatty acid biosynthesis
Fatty acid biosynthesis
Fatty acid biosynthesis
Fatty acid biosynthesis
Fatty acid biosynthesis
Fatty acid biosynthesis
Fatty acid biosynthesis
Fatty acid biosynthesis
Fatty acid biosynthesis
Fatty acid biosynthesis
Fatty acid biosynthesis
Fatty acid biosynthesis
Fatty acid biosynthesis
Fatty acid biosynthesis
Fatty acid biosynthesis
Fatty acid biosynthesis
Fatty acid biosynthesis
Fatty acid biosynthesis
Fatty acid biosynthesis
Fatty acid biosynthesis
Fatty acid biosynthesis
Fatty acid biosynthesis
Fatty acid biosynthesis
Fatty acid biosynthesis
Fatty acid biosynthesis
Fatty acid biosynthesis
Fatty acid elongation in mitochondria
Fatty acid elongation in mitochondria
Fatty acid elongation in mitochondria
Fatty acid elongation in mitochondria
Fatty acid elongation in mitochondria
Fatty acid elongation in mitochondria
Fatty acid elongation in mitochondria
Fatty acid elongation in mitochondria
Fatty acid elongation in mitochondria
Fatty acid elongation in mitochondria
Fatty acid elongation in mitochondria
Fatty acid elongation in mitochondria
Fatty acid elongation in mitochondria
Fatty acid elongation in mitochondria
Fatty acid elongation in mitochondria
Fatty acid elongation in mitochondria
Fatty acid elongation in mitochondria
Fatty acid elongation in mitochondria
Fatty acid elongation in mitochondria
Fatty acid elongation in mitochondria
Fatty acid elongation in mitochondria
Fatty acid elongation in mitochondria
Fatty acid elongation in mitochondria
Fatty acid elongation in mitochondria
Fatty acid elongation in endoplasmic reticulum
Fatty acid elongation in endoplasmic reticulum
Fatty acid elongation in endoplasmic reticulum
Fatty acid elongation in endoplasmic reticulum
Fatty acid metabolism
Fatty acid metabolism
Fatty acid metabolism
Fatty acid metabolism
Fatty acid metabolism
Fatty acid metabolism
Fatty acid metabolism
Fatty acid metabolism
Fatty acid metabolism
Fatty acid metabolism
Fatty acid metabolism
Fatty acid metabolism
Fatty acid metabolism
Fatty acid metabolism
Flavone and flavonol biosynthesis
Flavone and flavonol biosynthesis
Flavone and flavonol biosynthesis
Flavone and flavonol biosynthesis
Flavone and flavonol biosynthesis
Flavonoid biosynthesis
Flavonoid biosynthesis
Flavonoid biosynthesis
Flavonoid biosynthesis
Flavonoid biosynthesis
Flavonoid biosynthesis
Flavonoid biosynthesis
Flavonoid biosynthesis
Flavonoid biosynthesis
Flavonoid biosynthesis
Flavonoid biosynthesis
Flavonoid biosynthesis
Flavonoid biosynthesis
Flavonoid biosynthesis
Flavonoid biosynthesis
Flavonoid biosynthesis
Flavonoid biosynthesis
Flavonoid biosynthesis
Flavonoid biosynthesis
Flavonoid biosynthesis
Flavonoid biosynthesis
Flavonoid biosynthesis
Flavonoid biosynthesis
Flavonoid biosynthesis
Flavonoid biosynthesis
Flavonoid biosynthesis
Flavonoid biosynthesis
Flavonoid biosynthesis
Flavonoid biosynthesis
Flavonoid biosynthesis
Flavonoid biosynthesis
Flavonoid biosynthesis
Flavonoid biosynthesis
Flavonoid biosynthesis
Flavonoid biosynthesis
Flavonoid biosynthesis
Flavonoid biosynthesis
Flavonoid biosynthesis
Flavonoid biosynthesis
Flavonoid biosynthesis
Flavonoid biosynthesis
Flavonoid biosynthesis
Flavonoid biosynthesis
Flavonoid biosynthesis
Flavonoid biosynthesis
Flavonoid biosynthesis
Flavonoid biosynthesis
Flavonoid biosynthesis
Flavonoid biosynthesis
Flavonoid biosynthesis
Flavonoid biosynthesis
Flavonoid biosynthesis
Flavonoid biosynthesis
Folate biosynthesis
Folate biosynthesis
Folate biosynthesis
Folate biosynthesis
Folate biosynthesis
Folate biosynthesis
Folate biosynthesis
Folate biosynthesis
Folate biosynthesis
Folate biosynthesis
Folate biosynthesis
Folate biosynthesis
Folate biosynthesis
Fructose and mannose metabolism
Fructose and mannose metabolism
Fructose and mannose metabolism
Fructose and mannose metabolism
Fructose and mannose metabolism
Fructose and mannose metabolism
Fructose and mannose metabolism
Fructose and mannose metabolism
Fructose and mannose metabolism
Fructose and mannose metabolism
Fructose and mannose metabolism
Fructose and mannose metabolism
Fructose and mannose metabolism
Fructose and mannose metabolism
Fructose and mannose metabolism
Fructose and mannose metabolism
Fructose and mannose metabolism
Fructose and mannose metabolism
Galactose metabolism
Galactose metabolism
Galactose metabolism
Galactose metabolism
Galactose metabolism
Galactose metabolism
Galactose metabolism
Galactose metabolism
Galactose metabolism
Galactose metabolism
Galactose metabolism
Galactose metabolism
Galactose metabolism
Galactose metabolism
Galactose metabolism
Galactose metabolism
Galactose metabolism
Galactose metabolism
Galactose metabolism
Galactose metabolism
Galactose metabolism
Galactose metabolism
Galactose metabolism
Galactose metabolism
Galactose metabolism
Galactose metabolism
Galactose metabolism
Galactose metabolism
Galactose metabolism
Glucosinolate biosynthesis
Glucosinolate biosynthesis
Glucosinolate biosynthesis
Glucosinolate biosynthesis
Glucosinolate biosynthesis
Glucosinolate biosynthesis
Glucosinolate biosynthesis
Glucosinolate biosynthesis
Glucosinolate biosynthesis
Glucosinolate biosynthesis
Glucosinolate biosynthesis
Glucosinolate biosynthesis
Glucosinolate biosynthesis
Glutathione metabolism
Glutathione metabolism
Glutathione metabolism
Glutathione metabolism
Glutathione metabolism
Glutathione metabolism
Glutathione metabolism
Glutathione metabolism
Glutathione metabolism
Glutathione metabolism
Glutathione metabolism
Glutathione metabolism
Glutathione metabolism
Glutathione metabolism
Glutathione metabolism
Glutathione metabolism
Glutathione metabolism
Glutathione metabolism
Glutathione metabolism
Glutathione metabolism
Glutathione metabolism
Glycerolipid metabolism
Glycerolipid metabolism
Glycerolipid metabolism
Glycerolipid metabolism
Glycerolipid metabolism
Glycerolipid metabolism
Glycerolipid metabolism
Glycerolipid metabolism
Glycerolipid metabolism
Glycerolipid metabolism
Glycerolipid metabolism
Glycerolipid metabolism
Glycerolipid metabolism
Glycerolipid metabolism
Glycerolipid metabolism
Glycerolipid metabolism
Glycerolipid metabolism
Glycerolipid metabolism
Glycerolipid metabolism
Glycerolipid metabolism
Glycerophospholipid metabolism
Glycerophospholipid metabolism
Glycerophospholipid metabolism
Glycerophospholipid metabolism
Glycerophospholipid metabolism
Glycerophospholipid metabolism
Glycerophospholipid metabolism
Glycerophospholipid metabolism
Glycerophospholipid metabolism
Glycerophospholipid metabolism
Glycerophospholipid metabolism
Glycerophospholipid metabolism
Glycerophospholipid metabolism
Glycerophospholipid metabolism
Glycerophospholipid metabolism
Glycerophospholipid metabolism
Glycerophospholipid metabolism
Glycerophospholipid metabolism
Glycerophospholipid metabolism
Glycerophospholipid metabolism
Glycerophospholipid metabolism
Glycerophospholipid metabolism
Glycerophospholipid metabolism
Glycerophospholipid metabolism
Glycerophospholipid metabolism
Glycerophospholipid metabolism
Glycerophospholipid metabolism
Glycerophospholipid metabolism
Glycerophospholipid metabolism
Glycerophospholipid metabolism
Glycerophospholipid metabolism
Glycerophospholipid metabolism
Glycerophospholipid metabolism
Glycerophospholipid metabolism
Glycerophospholipid metabolism
Glycerophospholipid metabolism
Glycerophospholipid metabolism
Glycerophospholipid metabolism
Glycerophospholipid metabolism
Glycerophospholipid metabolism
Glycerophospholipid metabolism
Glycerophospholipid metabolism
Glycerophospholipid metabolism
Glycerophospholipid metabolism
Glycerophospholipid metabolism
Glycerophospholipid metabolism
Glycine, serine and threonine metabolism
Glycine, serine and threonine metabolism
Glycine, serine and threonine metabolism
Glycine, serine and threonine metabolism
Glycine, serine and threonine metabolism
Glycine, serine and threonine metabolism
Glycine, serine and threonine metabolism
Glycine, serine and threonine metabolism
Glycine, serine and threonine metabolism
Glycine, serine and threonine metabolism
Glycine, serine and threonine metabolism
Glycine, serine and threonine metabolism
Glycine, serine and threonine metabolism
Glycine, serine and threonine metabolism
Glycine, serine and threonine metabolism
Glycine, serine and threonine metabolism
Glycine, serine and threonine metabolism
Glycine, serine and threonine metabolism
Glycine, serine and threonine metabolism
Glycine, serine and threonine metabolism
Glycine, serine and threonine metabolism
Glycine, serine and threonine metabolism
Glycine, serine and threonine metabolism
Glycolysis / Gluconeogenesis
Glycolysis / Gluconeogenesis
Glycolysis / Gluconeogenesis
Glycolysis / Gluconeogenesis
Glycolysis / Gluconeogenesis
Glycolysis / Gluconeogenesis
Glycolysis / Gluconeogenesis
Glycolysis / Gluconeogenesis
Glycolysis / Gluconeogenesis
Glycolysis / Gluconeogenesis
Glycolysis / Gluconeogenesis
Glycolysis / Gluconeogenesis
Glycolysis / Gluconeogenesis
Glycolysis / Gluconeogenesis
Glycolysis / Gluconeogenesis
Glycolysis / Gluconeogenesis
Glycolysis / Gluconeogenesis
Glycolysis / Gluconeogenesis
Glycolysis / Gluconeogenesis
Glycolysis / Gluconeogenesis
Glycolysis / Gluconeogenesis
Glycolysis / Gluconeogenesis
Glycolysis / Gluconeogenesis
Glycolysis / Gluconeogenesis
Glycolysis / Gluconeogenesis
Glycolysis / Gluconeogenesis
Glycolysis / Gluconeogenesis
Glycosaminoglycan degradation
Glycosaminoglycan degradation
Glycosaminoglycan degradation
Glycosaminoglycan degradation
Glycosphingolipid biosynthesis - ganglio series
Glycosphingolipid biosynthesis - globo series
Glycosphingolipid biosynthesis - globo series
Glycosylphosphatidylinositol(GPI)-anchor biosynthesis
Glycosylphosphatidylinositol(GPI)-anchor biosynthesis
Glycosylphosphatidylinositol(GPI)-anchor biosynthesis
Glycosylphosphatidylinositol(GPI)-anchor biosynthesis
Glycosylphosphatidylinositol(GPI)-anchor biosynthesis
Glycosylphosphatidylinositol(GPI)-anchor biosynthesis
Glycosylphosphatidylinositol(GPI)-anchor biosynthesis
Glycosylphosphatidylinositol(GPI)-anchor biosynthesis
Glyoxylate and dicarboxylate metabolism
Cyanoamino acid metabolism
Glyoxylate and dicarboxylate metabolism
Glyoxylate and dicarboxylate metabolism
Glyoxylate and dicarboxylate metabolism
Glyoxylate and dicarboxylate metabolism
Glyoxylate and dicarboxylate metabolism
Glyoxylate and dicarboxylate metabolism
Glyoxylate and dicarboxylate metabolism
Glyoxylate and dicarboxylate metabolism (module Photorespiration)
Glyoxylate and dicarboxylate metabolism (module Photorespiration)
Glyoxylate and dicarboxylate metabolism (module Photorespiration)
Glyoxylate and dicarboxylate metabolism (module Photorespiration)
Glyoxylate and dicarboxylate metabolism (module Photorespiration)
Glyoxylate and dicarboxylate metabolism (module Photorespiration)
Glyoxylate and dicarboxylate metabolism (module Photorespiration)
Glyoxylate and dicarboxylate metabolism (module Photorespiration)
Glyoxylate and dicarboxylate metabolism (module Photorespiration)
Glyoxylate and dicarboxylate metabolism (module Photorespiration)
Histidine metabolism
Histidine metabolism
Histidine metabolism
Histidine metabolism
Histidine metabolism
Histidine metabolism
Histidine metabolism
Histidine metabolism
Histidine metabolism
Histidine metabolism
Histidine metabolism
Histidine metabolism
Histidine metabolism
Histidine metabolism
Indole alkaloid biosynthesis
Indole alkaloid biosynthesis
Inositol phosphate metabolism
Inositol phosphate metabolism
Inositol phosphate metabolism
Inositol phosphate metabolism
Inositol phosphate metabolism
Inositol phosphate metabolism
Inositol phosphate metabolism
Inositol phosphate metabolism
Inositol phosphate metabolism
Inositol phosphate metabolism
Inositol phosphate metabolism
Inositol phosphate metabolism
Inositol phosphate metabolism
Inositol phosphate metabolism
Inositol phosphate metabolism
Inositol phosphate metabolism
Inositol phosphate metabolism
Inositol phosphate metabolism
Inositol phosphate metabolism
Inositol phosphate metabolism
Inositol phosphate metabolism
Inositol phosphate metabolism
Inositol phosphate metabolism
Inositol phosphate metabolism
Inositol phosphate metabolism
Inositol phosphate metabolism
Inositol phosphate metabolism
Limonene and pinene degradation
Limonene and pinene degradation
Limonene and pinene degradation
Limonene and pinene degradation
Limonene and pinene degradation
Linoleic acid metabolism
Linoleic acid metabolism
Lipoic acid metabolism
Lipoic acid metabolism
Lipoic acid metabolism
Lipoic acid metabolism
Lipopolysaccharide biosynthesis
Lipopolysaccharide biosynthesis
Lipopolysaccharide biosynthesis
Lipopolysaccharide biosynthesis
Lipopolysaccharide biosynthesis
Lysine biosynthesis
Lysine biosynthesis
Lysine biosynthesis
Lysine biosynthesis
Lysine biosynthesis
Lysine biosynthesis
Lysine biosynthesis
Lysine biosynthesis
Lysine biosynthesis
Lysine degradation
Lysine degradation
Lysine degradation
Lysine degradation
Lysine degradation
Lysine degradation
Lysine degradation
Lysine degradation
Lysine degradation
Lysine degradation
Lysine degradation
Lysine degradation
Lysine degradation
Lysine degradation
Methane metabolism
Methane metabolism
Methane metabolism
Methane metabolism
Methane metabolism
Monoterpenoid biosynthesis
Monoterpenoid biosynthesis
Monoterpenoid biosynthesis
Monoterpenoid biosynthesis
Monoterpenoid biosynthesis
Monoterpenoid biosynthesis
N-Glycan biosynthesis
N-Glycan biosynthesis
N-Glycan biosynthesis
N-Glycan biosynthesis
N-Glycan biosynthesis
N-Glycan biosynthesis
N-Glycan biosynthesis
N-Glycan biosynthesis
N-Glycan biosynthesis
N-Glycan biosynthesis
N-Glycan biosynthesis
N-Glycan biosynthesis
N-Glycan biosynthesis
N-Glycan biosynthesis
N-Glycan biosynthesis
N-Glycan biosynthesis
N-Glycan biosynthesis
N-Glycan biosynthesis
N-Glycan biosynthesis
N-Glycan biosynthesis
N-Glycan biosynthesis
Nicotinate and nicotinamide metabolism
Nicotinate and nicotinamide metabolism
Nicotinate and nicotinamide metabolism
Nicotinate and nicotinamide metabolism
Nicotinate and nicotinamide metabolism
Nicotinate and nicotinamide metabolism
Nicotinate and nicotinamide metabolism
Nicotinate and nicotinamide metabolism
Nicotinate and nicotinamide metabolism
Nicotinate and nicotinamide metabolism
Nicotinate and nicotinamide metabolism
Nitrogen metabolism
Nitrogen metabolism
Nitrogen metabolism
Nitrogen metabolism
Nitrogen metabolism
Nitrogen metabolism
Nitrogen metabolism
One carbon pool by folate
One carbon pool by folate
One carbon pool by folate
One carbon pool by folate
One carbon pool by folate
One carbon pool by folate
Other types of O-glycan biosynthesis
Oxidative phosphorylation
Oxidative phosphorylation
Oxidative phosphorylation
Pantothenate and CoA biosynthesis
Pantothenate and CoA biosynthesis
Pantothenate and CoA biosynthesis
Pantothenate and CoA biosynthesis
Pantothenate and CoA biosynthesis
Pantothenate and CoA biosynthesis
Pantothenate and CoA biosynthesis
Pantothenate and CoA biosynthesis
Pantothenate and CoA biosynthesis
Pantothenate and CoA biosynthesis
Pantothenate and CoA biosynthesis
Pantothenate and CoA biosynthesis
Pantothenate and CoA biosynthesis
Pantothenate and CoA biosynthesis
Pantothenate and CoA biosynthesis
Pantothenate and CoA biosynthesis
Pantothenate and CoA biosynthesis
Pentose and glucuronate interconversions
Pentose and glucuronate interconversions
Pentose and glucuronate interconversions
Pentose and glucuronate interconversions
Pentose and glucuronate interconversions
Pentose and glucuronate interconversions
Pentose and glucuronate interconversions
Pentose and glucuronate interconversions
Pentose phosphate pathway
Pentose phosphate pathway
Pentose phosphate pathway
Pentose phosphate pathway
Pentose phosphate pathway
Pentose phosphate pathway
Pentose phosphate pathway
Pentose phosphate pathway
Pentose phosphate pathway
Pentose phosphate pathway
Peptidoglycan biosynthesis
Peptidoglycan biosynthesis
Peptidoglycan biosynthesis
Peptidoglycan biosynthesis
Phenylalanine metabolism
Phenylalanine metabolism
Phenylalanine metabolism
Phenylalanine metabolism
Phenylalanine metabolism
Phenylalanine metabolism
Phenylalanine, tyrosine and tryptophan biosynthesis
Phenylalanine, tyrosine and tryptophan biosynthesis
Phenylalanine, tyrosine and tryptophan biosynthesis
Phenylalanine, tyrosine and tryptophan biosynthesis
Phenylalanine, tyrosine and tryptophan biosynthesis
Phenylalanine, tyrosine and tryptophan biosynthesis
Phenylalanine, tyrosine and tryptophan biosynthesis
Phenylalanine, tyrosine and tryptophan biosynthesis
Phenylalanine, tyrosine and tryptophan biosynthesis
Phenylalanine, tyrosine and tryptophan biosynthesis
Phenylalanine, tyrosine and tryptophan biosynthesis
Phenylalanine, tyrosine and tryptophan biosynthesis
Phenylalanine, tyrosine and tryptophan biosynthesis
Phenylalanine, tyrosine and tryptophan biosynthesis
Phenylalanine, tyrosine and tryptophan biosynthesis
Phenylalanine, tyrosine and tryptophan biosynthesis
Phenylpropanoid biosynthesis
Phenylpropanoid biosynthesis
Phenylpropanoid biosynthesis
Phenylpropanoid biosynthesis
Phenylpropanoid biosynthesis
Phenylpropanoid biosynthesis
Phenylpropanoid biosynthesis
Phenylpropanoid biosynthesis
Phenylpropanoid biosynthesis
Phenylpropanoid biosynthesis
Phenylpropanoid biosynthesis
Phenylpropanoid biosynthesis
Phenylpropanoid biosynthesis
Phenylpropanoid biosynthesis
Phenylpropanoid biosynthesis
Phenylpropanoid biosynthesis
Phenylpropanoid biosynthesis
Phenylpropanoid biosynthesis
Phenylpropanoid biosynthesis
Phenylpropanoid biosynthesis
Phenylpropanoid biosynthesis
Phenylpropanoid biosynthesis
Phenylpropanoid biosynthesis
Phenylpropanoid biosynthesis
Phenylpropanoid biosynthesis
Phenylpropanoid biosynthesis
Phenylpropanoid biosynthesis
Phenylpropanoid biosynthesis
Phenylpropanoid biosynthesis
Phenylpropanoid biosynthesis
Phenylpropanoid biosynthesis
Phosphonate and phosphinate metabolism
Phosphonate and phosphinate metabolism
Phosphonate and phosphinate metabolism
Porphyrin and chlorophyll metabolism
Porphyrin and chlorophyll metabolism
Porphyrin and chlorophyll metabolism
Porphyrin and chlorophyll metabolism
Porphyrin and chlorophyll metabolism
Porphyrin and chlorophyll metabolism
Porphyrin and chlorophyll metabolism
Porphyrin and chlorophyll metabolism
Porphyrin and chlorophyll metabolism
Porphyrin and chlorophyll metabolism
Porphyrin and chlorophyll metabolism
Porphyrin and chlorophyll metabolism
Porphyrin and chlorophyll metabolism
Porphyrin and chlorophyll metabolism
Porphyrin and chlorophyll metabolism
Porphyrin and chlorophyll metabolism
Porphyrin and chlorophyll metabolism
Porphyrin and chlorophyll metabolism
Porphyrin and chlorophyll metabolism
Porphyrin and chlorophyll metabolism
Porphyrin and chlorophyll metabolism
Porphyrin and chlorophyll metabolism
Porphyrin and chlorophyll metabolism
Porphyrin and chlorophyll metabolism
Porphyrin and chlorophyll metabolism
Porphyrin and chlorophyll metabolism
Porphyrin and chlorophyll metabolism
Porphyrin and chlorophyll metabolism
Porphyrin and chlorophyll metabolism
Porphyrin and chlorophyll metabolism
Porphyrin and chlorophyll metabolism
Porphyrin and chlorophyll metabolism
Porphyrin and chlorophyll metabolism
Porphyrin and chlorophyll metabolism
Porphyrin and chlorophyll metabolism
Porphyrin and chlorophyll metabolism
Porphyrin and chlorophyll metabolism
Porphyrin and chlorophyll metabolism
Porphyrin and chlorophyll metabolism
Porphyrin and chlorophyll metabolism
Porphyrin and chlorophyll metabolism
Porphyrin and chlorophyll metabolism
Porphyrin and chlorophyll metabolism
Porphyrin and chlorophyll metabolism
Porphyrin and chlorophyll metabolism
Propanoate metabolism
Propanoate metabolism
Propanoate metabolism
Propanoate metabolism
Propanoate metabolism
Propanoate metabolism
Propanoate metabolism
Propanoate metabolism
Propanoate metabolism
Propanoate metabolism
Purine metabolism
Purine metabolism
Purine metabolism
Purine metabolism
Purine metabolism
Purine metabolism
Purine metabolism
Purine metabolism
Purine metabolism
Purine metabolism
Purine metabolism
Purine metabolism
Purine metabolism
Purine metabolism
Purine metabolism
Purine metabolism
Purine metabolism
Purine metabolism
Purine metabolism
Purine metabolism
Purine metabolism
Purine metabolism
Purine metabolism
Purine metabolism
Purine metabolism
Purine metabolism
Purine metabolism
Purine metabolism
Purine metabolism
Purine metabolism
Purine metabolism
Purine metabolism
Purine metabolism
Purine metabolism
Purine metabolism
Purine metabolism
Purine metabolism
Purine metabolism
Purine metabolism
Purine metabolism
Purine metabolism
Purine metabolism
Purine metabolism
Purine metabolism
Purine metabolism
Purine metabolism
Purine metabolism
Purine metabolism
Purine metabolism
Purine metabolism
Purine metabolism
Purine metabolism
Purine metabolism
Purine metabolism
Purine metabolism
Purine metabolism
Purine metabolism
Purine metabolism
Purine metabolism
Purine metabolism
Purine metabolism
Purine metabolism
Purine metabolism
Purine metabolism
Purine metabolism
Purine metabolism
Purine metabolism
Purine metabolism
Purine metabolism
Purine metabolism
Pyrimidine metabolism
Pyrimidine metabolism
Pyrimidine metabolism
Pyrimidine metabolism
Pyrimidine metabolism
Pyrimidine metabolism
Pyrimidine metabolism
Pyrimidine metabolism
Pyrimidine metabolism
Pyrimidine metabolism
Pyrimidine metabolism
Pyrimidine metabolism
Pyrimidine metabolism
Pyrimidine metabolism
Pyrimidine metabolism
Pyrimidine metabolism
Pyrimidine metabolism
Pyrimidine metabolism
Pyrimidine metabolism
Pyrimidine metabolism
Pyrimidine metabolism
Pyrimidine metabolism
Pyrimidine metabolism
Pyrimidine metabolism
Pantothenate and CoA biosynthesis
Pyrimidine metabolism
Pyrimidine metabolism
Pyrimidine metabolism
Pyrimidine metabolism
Pyrimidine metabolism
Pyrimidine metabolism
Pyrimidine metabolism
Pyrimidine metabolism
Pyrimidine metabolism
Pyrimidine metabolism
Pyrimidine metabolism
Pyrimidine metabolism
Pyrimidine metabolism
Pyrimidine metabolism
Pyrimidine metabolism
Pyrimidine metabolism
Pyrimidine metabolism
Pyrimidine metabolism
Pyrimidine metabolism
Pyrimidine metabolism
Pyrimidine metabolism
Pyrimidine metabolism
Pyrimidine metabolism
Pyrimidine metabolism
Pyrimidine metabolism
Pyrimidine metabolism
Pyrimidine metabolism
Pyrimidine metabolism
Pyrimidine metabolism
Pyrimidine metabolism
Pyrimidine metabolism
Pyrimidine metabolism
Pyrimidine metabolism
Pyruvate metabolism
Pyruvate metabolism
Pyruvate metabolism
Pyruvate metabolism
Pyruvate metabolism
Pyruvate metabolism
Pyruvate metabolism
Pyruvate metabolism
Pyruvate metabolism
Pyruvate metabolism
Pyruvate metabolism
Pyruvate metabolism
Pyruvate metabolism
Retinol metabolism
Retinol metabolism
Retinol metabolism
Retinol metabolism
Retinol metabolism
Riboflavin metabolism
Riboflavin metabolism
Riboflavin metabolism
Riboflavin metabolism
Riboflavin metabolism
Riboflavin metabolism
Riboflavin metabolism
Riboflavin metabolism
Riboflavin metabolism
Riboflavin metabolism
Riboflavin metabolism
Riboflavin metabolism
Selenocompound metabolism
Selenocompound metabolism
Selenocompound metabolism
Selenocompound metabolism
Selenocompound metabolism
Selenocompound metabolism
Selenocompound metabolism
Selenocompound metabolism
Selenocompound metabolism
Selenocompound metabolism
Selenocompound metabolism
Sesquiterpenoid biosynthesis
Sphingolipid metabolism
Sphingolipid metabolism
Sphingolipid metabolism
Sphingolipid metabolism
Sphingolipid metabolism
Sphingolipid metabolism
Sphingolipid metabolism
Sphingolipid metabolism
Sphingolipid metabolism
Sphingolipid metabolism
Sphingolipid metabolism
Sphingolipid metabolism
Sphingolipid metabolism
Sphingolipid metabolism
Sphingolipid metabolism
Sphingolipid metabolism
Sphingolipid metabolism
Sphingolipid metabolism
Sphingolipid metabolism
Sphingolipid metabolism
Starch and sucrose metabolism
Starch and sucrose metabolism
Starch and sucrose metabolism
Starch and sucrose metabolism
Starch and sucrose metabolism
Starch and sucrose metabolism
Starch and sucrose metabolism
Starch and sucrose metabolism
Starch and sucrose metabolism
Starch and sucrose metabolism
Starch and sucrose metabolism
Starch and sucrose metabolism
Starch and sucrose metabolism
Starch and sucrose metabolism
Starch and sucrose metabolism
Starch and sucrose metabolism
Starch and sucrose metabolism
Starch and sucrose metabolism
Starch and sucrose metabolism
Starch and sucrose metabolism
Starch and sucrose metabolism
Starch and sucrose metabolism
Starch and sucrose metabolism
Starch and sucrose metabolism
Starch and sucrose metabolism
Starch and sucrose metabolism
Starch and sucrose metabolism
Starch and sucrose metabolism
Starch and sucrose metabolism
Steroid biosynthesis
Steroid biosynthesis
Steroid biosynthesis
Steroid biosynthesis
Steroid biosynthesis
Steroid biosynthesis
Steroid biosynthesis
Steroid biosynthesis
Steroid biosynthesis
Steroid biosynthesis
Steroid biosynthesis
Steroid biosynthesis
Steroid biosynthesis
Steroid biosynthesis
Steroid biosynthesis
Steroid biosynthesis
Steroid biosynthesis
Steroid biosynthesis
Steroid biosynthesis
Steroid biosynthesis
Steroid biosynthesis
Steroid biosynthesis
Steroid biosynthesis
Steroid biosynthesis
Steroid biosynthesis
Steroid biosynthesis
Steroid biosynthesis
Steroid biosynthesis
Steroid biosynthesis
Steroid biosynthesis
Steroid biosynthesis
Steroid biosynthesis
Steroid biosynthesis
Steroid biosynthesis
Steroid biosynthesis
Steroid biosynthesis
Steroid biosynthesis
Steroid biosynthesis
Stilbenoid, diarylheptanoid and gingerol biosynthesis
Streptomycin biosynthesis
Streptomycin biosynthesis
Sulfur metabolism
Sulfur metabolism
Sulfur metabolism
Sulfur metabolism
Sulfur metabolism
Sulfur metabolism
Sulfur metabolism
Sulfur metabolism
Synthesis and degradation of ketone bodies
Synthesis and degradation of ketone bodies
Taurine and hypotaurine metabolism
Taurine and hypotaurine metabolism
Taurine and hypotaurine metabolism
Taurine and hypotaurine metabolism
Terpenoid backbone biosynthesis
Terpenoid backbone biosynthesis
Terpenoid backbone biosynthesis
Terpenoid backbone biosynthesis
Terpenoid backbone biosynthesis
Terpenoid backbone biosynthesis
Terpenoid backbone biosynthesis
Terpenoid backbone biosynthesis
Terpenoid backbone biosynthesis
Terpenoid backbone biosynthesis
Terpenoid backbone biosynthesis
Terpenoid backbone biosynthesis
Terpenoid backbone biosynthesis
Terpenoid backbone biosynthesis
Terpenoid backbone biosynthesis
Terpenoid backbone biosynthesis
Terpenoid backbone biosynthesis
Terpenoid backbone biosynthesis
Terpenoid backbone biosynthesis
Terpenoid backbone biosynthesis
Terpenoid backbone biosynthesis
Terpenoid backbone biosynthesis
Terpenoid backbone biosynthesis
Terpenoid backbone biosynthesis
Terpenoid backbone biosynthesis
Terpenoid backbone biosynthesis
Terpenoid backbone biosynthesis
Terpenoid backbone biosynthesis
Terpenoid backbone biosynthesis
Terpenoid backbone biosynthesis
Fatty acid biosynthesis
Thiamine metabolism
Thiamine metabolism
Thiamine metabolism
Thiamine metabolism
Thiamine metabolism
Thiamine metabolism
Thiamine metabolism
Thiamine metabolism
Thiamine metabolism
Thiamine metabolism
Thiamine metabolism
Thiamine metabolism
Thiamine metabolism
Thiamine metabolism
Thiamine metabolism
Thiamine metabolism
Tropane, piperidine and pyridine alkaloid biosynthesis
Tryptophan metabolism
Tryptophan metabolism
Tryptophan metabolism
Tryptophan metabolism
Tryptophan metabolism
Tryptophan metabolism
Tryptophan metabolism
Tryptophan metabolism
Tryptophan metabolism
Tryptophan metabolism
Tryptophan metabolism
Tryptophan metabolism
Tryptophan metabolism
Tryptophan metabolism
Tryptophan metabolism
Tryptophan metabolism
Tryptophan metabolism
Tryptophan metabolism
Tryptophan metabolism
Tryptophan metabolism
Tryptophan metabolism
Tryptophan metabolism
Tryptophan metabolism
Tryptophan metabolism
Tryptophan metabolism
Tyrosine metabolism
Tyrosine metabolism
Tyrosine metabolism
Tyrosine metabolism
Tyrosine metabolism
Tyrosine metabolism
Tyrosine metabolism
Tyrosine metabolism
Tyrosine metabolism
Tyrosine metabolism
Tyrosine metabolism
Tyrosine metabolism
Tyrosine metabolism
Tyrosine metabolism
Tyrosine metabolism
Tyrosine metabolism
Tyrosine metabolism
Ubiquinone and other terpenoid-quinone biosynthesis
Ubiquinone and other terpenoid-quinone biosynthesis
Ubiquinone and other terpenoid-quinone biosynthesis
Ubiquinone and other terpenoid-quinone biosynthesis
Ubiquinone and other terpenoid-quinone biosynthesis
Ubiquinone and other terpenoid-quinone biosynthesis
Ubiquinone and other terpenoid-quinone biosynthesis
Ubiquinone and other terpenoid-quinone biosynthesis

Ubiquinone and other terpenoid-quinone biosynthesis
Ubiquinone and other terpenoid-quinone biosynthesis
Ubiquinone and other terpenoid-quinone biosynthesis
Ubiquinone and other terpenoid-quinone biosynthesis
Ubiquinone and other terpenoid-quinone biosynthesis
Ubiquinone and other terpenoid-quinone biosynthesis
Ubiquinone and other terpenoid-quinone biosynthesis
Ubiquinone and other terpenoid-quinone biosynthesis
Ubiquinone and other terpenoid-quinone biosynthesis
Ubiquinone and other terpenoid-quinone biosynthesis
Ubiquinone and other terpenoid-quinone biosynthesis
Ubiquinone and other terpenoid-quinone biosynthesis
Ubiquinone and other terpenoid-quinone biosynthesis
Ubiquinone and other terpenoid-quinone biosynthesis
Ubiquinone and other terpenoid-quinone biosynthesis
Ubiquinone and other terpenoid-quinone biosynthesis
Ubiquinone and other terpenoid-quinone biosynthesis
Ubiquinone and other terpenoid-quinone biosynthesis
Ubiquinone and other terpenoid-quinone biosynthesis
Ubiquinone and other terpenoid-quinone biosynthesis
Ubiquinone and other terpenoid-quinone biosynthesis
Ubiquinone and other terpenoid-quinone biosynthesis
Ubiquinone and other terpenoid-quinone biosynthesis
Ubiquinone and other terpenoid-quinone biosynthesis
Ubiquinone and other terpenoid-quinone biosynthesis
Ubiquinone and other terpenoid-quinone biosynthesis
Ubiquinone and other terpenoid-quinone biosynthesis
Ubiquinone and other terpenoid-quinone biosynthesis
Ubiquinone and other terpenoid-quinone biosynthesis
Ubiquinone and other terpenoid-quinone biosynthesis
Ubiquinone and other terpenoid-quinone biosynthesis
Ubiquinone and other terpenoid-quinone biosynthesis
Ubiquinone and other terpenoid-quinone biosynthesis
Ubiquinone and other terpenoid-quinone biosynthesis
Ubiquinone and other terpenoid-quinone biosynthesis
Ubiquinone and other terpenoid-quinone biosynthesis
Ubiquinone and other terpenoid-quinone biosynthesis
Ubiquinone and other terpenoid-quinone biosynthesis
Ubiquinone and other terpenoid-quinone biosynthesis
Valine, leucine and isoleucine biosynthesis
Valine, leucine and isoleucine biosynthesis
Valine, leucine and isoleucine biosynthesis
Valine, leucine and isoleucine biosynthesis
Valine, leucine and isoleucine biosynthesis
Valine, leucine and isoleucine biosynthesis
Valine, leucine and isoleucine biosynthesis
Valine, leucine and isoleucine biosynthesis
Valine, leucine and isoleucine biosynthesis
Valine, leucine and isoleucine biosynthesis
Valine, leucine and isoleucine biosynthesis
Valine, leucine and isoleucine biosynthesis
Valine, leucine and isoleucine biosynthesis
Valine, leucine and isoleucine degradation
Valine, leucine and isoleucine degradation
Valine, leucine and isoleucine degradation
Valine, leucine and isoleucine degradation
Valine, leucine and isoleucine degradation
Valine, leucine and isoleucine degradation
Valine, leucine and isoleucine degradation
Valine, leucine and isoleucine degradation
Valine, leucine and isoleucine degradation
Valine, leucine and isoleucine degradation
Valine, leucine and isoleucine degradation
Valine, leucine and isoleucine degradation
Valine, leucine and isoleucine degradation
Valine, leucine and isoleucine degradation
Valine, leucine and isoleucine degradation
Valine, leucine and isoleucine degradation
Valine, leucine and isoleucine degradation
Valine, leucine and isoleucine degradation
Valine, leucine and isoleucine degradation
Valine, leucine and isoleucine degradation
Valine, leucine and isoleucine degradation
Valine, leucine and isoleucine degradation
Valine, leucine and isoleucine degradation
Valine, leucine and isoleucine degradation
Valine, leucine and isoleucine degradation
Valine, leucine and isoleucine degradation
Various types of N-glycan biosynthesis
Various types of N-glycan biosynthesis
Vitamin B6 metabolism
Vitamin B6 metabolism
Vitamin B6 metabolism
Vitamin B6 metabolism
Vitamin B6 metabolism
Vitamin B6 metabolism
Vitamin B6 metabolism
Vitamin B6 metabolism
Vitamin B6 metabolism
Vitamin B6 metabolism
Vitamin B6 metabolism
Zeatin biosynthesis
Zeatin biosynthesis
Zeatin biosynthesis
Zeatin biosynthesis
Zeatin biosynthesis
Zeatin biosynthesis
Zeatin biosynthesis
Zeatin biosynthesis
Zeatin biosynthesis
Zeatin biosynthesis
Zeatin biosynthesis
Zeatin biosynthesis
Zeatin biosynthesis
Zeatin biosynthesis
Zeatin biosynthesis
Zeatin biosynthesis
Zeatin biosynthesis
Zeatin biosynthesis
Zeatin biosynthesis
Zeatin biosynthesis
Zeatin biosynthesis
Zeatin biosynthesis











































Transport, plasma membrane(artificial)
Transport, plasma membrane(artificial)
Transport, plasma membrane(artificial)
Transport, plasma membrane(artificial)
Transport, plasma membrane(artificial)
Transport, plasma membrane(artificial)
Transport, plasma membrane(artificial)
Transport, plasma membrane(artificial)
Transport, plasma membrane(artificial)
Transport, plasma membrane(artificial)
Transport, plasma membrane(artificial)
Transport, plasma membrane(artificial)
Transport, plasma membrane(artificial)
Transport, plasma membrane(artificial)
Transport, plasma membrane(artificial)
Transport, plasma membrane(artificial)
Transport, plasma membrane(artificial)
Transport, plasma membrane(artificial)
Transport, plasma membrane(artificial)
Transport, plasma membrane(artificial)
Transport, plasma membrane(artificial)
Transport, plasma membrane(artificial)
Transport, plasma membrane(artificial)
Transport, plasma membrane(artificial)
Transport, plasma membrane(artificial)
Transport, plasma membrane(artificial)
Transport, plasma membrane(artificial)
Transport, plasma membrane(artificial)
Transport, plasma membrane(artificial)
Transport, plasma membrane(artificial)
Transport, plasma membrane(artificial)
Transport, plasma membrane(artificial)
Transport, plasma membrane(artificial)


Exchange reaction (atificial)
Exchange reaction (atificial)
Exchange reaction (atificial)
Exchange reaction (atificial)
Exchange reaction (atificial)
Exchange reaction (atificial)
Exchange reaction (atificial)
Exchange reaction (atificial)
Exchange reaction (atificial)
Exchange reaction (atificial)
Exchange reaction (atificial)
Exchange reaction (atificial)
Exchange reaction (atificial)
Exchange reaction (atificial)
Exchange reaction (atificial)
Exchange reaction (atificial)
Exchange reaction (atificial)
Exchange reaction (atificial)
Exchange reaction (atificial)
Exchange reaction (atificial)
Exchange reaction (atificial)
Exchange reaction (atificial)
Exchange reaction (atificial)
Exchange reaction (atificial)
Exchange reaction (atificial)
Exchange reaction (atificial)
Exchange reaction (atificial)
Exchange reaction (atificial)
Exchange reaction (atificial)
Exchange reaction (atificial)
Exchange reaction (atificial)
Exchange reaction (atificial)
Exchange reaction (atificial)

